Sample,GHC-856,GHC-857,GHC-858,GHC-859,88CS-GP1,GHC-843,GHC-844,1094-3,1094-5,1094-7,1094-8,1094-11,1094-14,1094-16,1094-22,1094-31,1094-36,1094-38,1094-42,GHC-898,1094-15,1094-18,1094-21,1094-26,1094-34,1094-43,1094-31,1094-31a,1094-31b,1094-45a,1094-45b,05CQR2,06DSN69,04DSN62,04DR06,04MSH7,NUN04,05DSN22,05SL10,07KW7,07DR7,ST-10,ST-9B,ST-7,ST-11,ST-6,1959,ST-5,ST-4,ST-2,ST-3B,ST-1,QS-023,QS-008,QS238,QS-071,QS-128,Tid-3,PCJ-05,PCJ-06,CJ30A,CJ30B,MP-2,MC-47,BH-4B,PV-26,TS-1,PP-7,PP-35,PV,TS-12,QS-19,TS-15,TS-16,JE-21,PP-5,MC-7,PP-8,PP-13,PP-12,PV-22,MS-02,MS-03,MC-01,MS-01,MC-F,EM-3,KMP-01,KMP-02,81JD029,81JD278,81JD013,81JD078,81JD202,86JD001,81JD279,86JD002,81JD217,81JD172,84Sg03,86JD006,PK226,PK230A,PK237B,PK221B,PK224,9EWPP-10,91SGPP-54A,97EWPP-16A,,,,,,
Reference,"Youngman, 1986","Youngman, 1986","Youngman, 1986","Youngman, 1986","Youngman, 1986","Youngman, 1986","Youngman, 1986","Youngman, 1986","Youngman, 1986","Youngman, 1986","Youngman, 1986","Youngman, 1986","Youngman, 1986","Youngman, 1986","Youngman, 1986","Youngman, 1986","Youngman, 1986","Youngman, 1986","Youngman, 1986","Youngman, 1986","Youngman, 1986","Youngman, 1986","Youngman, 1986","Youngman, 1986","Youngman, 1986","Youngman, 1986","Youngman, 1986","Youngman, 1986","Youngman, 1986","Youngman, 1986","Youngman, 1986","Sweetkind, 2011","Sweetkind, 2011","Sweetkind, 2011","Sweetkind, 2011","Sweetkind, 2011","Sweetkind, 2011","Sweetkind, 2011","Sweetkind, 2011","Sweetkind, 2011","Sweetkind, 2011","Johnson and O'neil, 1984","Johnson and O'neil, 1984","Johnson and O'neil, 1984","Johnson and O'neil, 1984","Johnson and O'neil, 1984","Johnson and O'neil, 1984","Johnson and O'neil, 1984","Johnson and O'neil, 1984","Johnson and O'neil, 1984","Johnson and O'neil, 1984","Johnson and O'neil, 1984","Johnson and O'neil, 1984","Johnson and O'neil, 1984","Johnson and O'neil, 1984","Johnson and O'neil, 1984","Johnson and O'neil, 1984","Johnson and O'neil, 1984","Johnson and O'neil, 1984","Johnson and O'neil, 1984","Johnson and O'neil, 1984","Johnson and O'neil, 1984","Kosovichev, 2006","Kosovichev, 2006","Kosovichev, 2006","Kosovichev, 2006","Kosovichev, 2006","Kosovichev, 2006","Kosovichev, 2006","Kosovichev, 2006","Kosovichev, 2006","Kosovichev, 2006","Kosovichev, 2006","Kosovichev, 2006","Kosovichev, 2006","Kosovichev, 2006","Kosovichev, 2006","Kosovichev, 2006","Kosovichev, 2006","Kosovichev, 2006","Kosovichev, 2006","Kosovichev, 2006","Kosovichev, 2006","Kosovichev, 2006","Kosovichev, 2006","Kosovichev, 2006","Kosovichev, 2006","Kosovichev, 2006","Kosovichev, 2006","Kosovichev, 2006","Kosovichev, 2006","Kosovichev, 2006","Kosovichev, 2006","Kosovichev, 2006","Kosovichev, 2006","Kosovichev, 2006","Kosovichev, 2006","Kosovichev, 2006","Kosovichev, 2006","Kosovichev, 2006","Kosovichev, 2006","Kosovichev, 2006","Kosovichev, 2006","Kosovichev, 2006","Kosovichev, 2006","Kosovichev, 2006","Kosovichev, 2006","Kosovichev, 2006","Kosovichev, 2006",,,,,,
Unit,Southern Sonoma Volcanic Field and Berkeley Hills,Southern Sonoma Volcanic Field and Berkeley Hills,Southern Sonoma Volcanic Field and Berkeley Hills,Southern Sonoma Volcanic Field and Berkeley Hills,Southern Sonoma Volcanic Field and Berkeley Hills,Southern Sonoma Volcanic Field and Berkeley Hills,Southern Sonoma Volcanic Field and Berkeley Hills,Southern Sonoma Volcanic Field and Berkeley Hills,Southern Sonoma Volcanic Field and Berkeley Hills,Southern Sonoma Volcanic Field and Berkeley Hills,Southern Sonoma Volcanic Field and Berkeley Hills,Southern Sonoma Volcanic Field and Berkeley Hills,Southern Sonoma Volcanic Field and Berkeley Hills,Southern Sonoma Volcanic Field and Berkeley Hills,Southern Sonoma Volcanic Field and Berkeley Hills,Southern Sonoma Volcanic Field and Berkeley Hills,Southern Sonoma Volcanic Field and Berkeley Hills,Southern Sonoma Volcanic Field and Berkeley Hills,Southern Sonoma Volcanic Field and Berkeley Hills,Southern Sonoma Volcanic Field and Berkeley Hills,Southern Sonoma Volcanic Field and Berkeley Hills,Southern Sonoma Volcanic Field and Berkeley Hills,Southern Sonoma Volcanic Field and Berkeley Hills,Southern Sonoma Volcanic Field and Berkeley Hills,Southern Sonoma Volcanic Field and Berkeley Hills,Southern Sonoma Volcanic Field and Berkeley Hills,Rhyolite Tuffs from Donnell Ranch and Moraga Volcanics,Rhyolite Tuffs from Donnell Ranch and Moraga Volcanics,Rhyolite Tuffs from Donnell Ranch and Moraga Volcanics,Rhyolite Tuffs from Donnell Ranch and Moraga Volcanics,Rhyolite Tuffs from Donnell Ranch and Moraga Volcanics,Sonoma Volcanic Field,Sonoma Volcanic Field,Sonoma Volcanic Field,Sonoma Volcanic Field,Sonoma Volcanic Field,Sonoma Volcanic Field,Sonoma Volcanic Field,Sonoma Volcanic Field,Sonoma Volcanic Field,Sonoma Volcanic Field,Sonoma Volcanic Field,Sonoma Volcanic Field,Sonoma Volcanic Field,Sonoma Volcanic Field,Sonoma Volcanic Field,Sonoma Volcanic Field,Sonoma Volcanic Field,Sonoma Volcanic Field,Sonoma Volcanic Field,Sonoma Volcanic Field,Sonoma Volcanic Field,Quien Sabe Volcanics,Quien Sabe Volcanics,Quien Sabe Volcanics,Quien Sabe Volcanics,Quien Sabe Volcanics,Quien Sabe Volcanics,Pinnacles,Pinnacles,Neenach,Neenach,Mustang Peak,Orestimba Creek,San Luis Reservoir,Llanada,Vaughn Mine,Pacheco Peak,El Toro Ranch,Panoche Valley,Vaughn Mine,Quien Sabe Volcanics,Vaughn Mine,Vaughn Mine,Silver Creek,Dowdy Ranch,Red Creek,Pacheco Peak,Pacheco Peak,PachecoPeak,Griswold Creek,Robinson Creek,Robinson Creek,Red Creek,Robinson Creek,Orestimba Creek,Eylar Mountain,Orestimba Creek,Orestimba Creek,Quien Sabe Volcanics,Quien Sabe Volcanics,Quien Sabe Volcanics,Quien Sabe Volcanics,Quien Sabe Volcanics,Quien Sabe Volcanics,Quien Sabe Volcanics,Quien Sabe Volcanics,Quien Sabe Volcanics,Quien Sabe Volcanics,Quien Sabe Volcanics,Quien Sabe Volcanics,Orestimba Creek,Orestimba Creek,Orestimba Creek,Orestimba Creek,Orestimba Creek,Dowdy Ranch,Dowdy Ranch,Dowdy Ranch,,,,,,
Rock Type,basalt,basalt,basalt,basalt,basalt,basaltic-andesite,basalt,basaltic-andesite,basaltic-andesite,andesite,rhyolite,basalt,rhyolite,basalt,rhyolite,rhyolite tuff,rhyolite tuff,basalt,basalt,rhyolite,andesite,andesite,basalt,basalt,rhyolite,basalt,rhyolite tuff,rhyolite tuff,rhyolite tuff,rhyolite tuff,rhyolite tuff,"Rhyolite, glass",Basaltic andesite flow,Andesitic tuff,"Lithic tuff, intracaldera","Lithic tuff, outflow",Basalt flow,Porphyritic andesite,"Fine-grained phase, Stags Leap intrusive",Peralkaline rhyolite banded,Andesite flow,Ash-flow tuff,Ash-flow tuff,Basaltic-andesite,Andesite,Ash-flow tuff,Basaltic-andesite,Andesite,Ash-flow tuff,Ash-flow tuff,Basaltic-andesite,Basaltic-andesite,Rhyodacite,Andesite,Rhyodacite,Andesite,Andesite,Dacite,Rhyolite,Dacite,Rhyolite,Rhyolite,Basalt,Basalt,Basalt,Basalt,Basaltic-andesite,Basalt,Basaltic-andesite,Basaltic-andesite,Andesite,Andesite,Andesite,Basalt,Andesite,Andesite,Andesite,Andesite,Andesite,Andesite,Andesite,Dacite,Dacite,Dacite,Dacite,Basaltic-andesite,Trachyandesite,Basaltic-andesite,Basaltic-andesite,Trachydacite,Basalt,Basaltic-andesite,Andesite,Andesite,Andesite,Andesite,Trachydacite,Trachydacite,Trachydacite,Dacite,Rhyolite,Basaltic-andesite,Andesite,Basaltic-andesite,Basaltic-andesite,Basaltic-andesite,Andesite,Andesite,Andesite,,,,,,
Element (ppm),,,,,,,,,,,,,,,,,,,,,,,,,,,,,,,,,,,,,,,,,,,,,,,,,,,,,,,,,,,,,,,,,,,,,,,,,,,,,,,,,,,,,,,,,,,,,,,,,,,,,,,,,,,,,,,,,,,
Va,143.7,170.7,162.3,67.2,226.6,182.6,203.9,119,165.6,55.8,23.9,316.3,0,169.1,0,0,0,195.3,119,0,87.8,67.7,161.8,170.9,0,274.7,0,0,0,0,0,,,,,,,,,,,,,,,,,,,,,,,,,,,,,,,,,,,,,,,,,,,,,,,,,,,,,,,,,,,,,,,,,,,,,,,,,,,,,,,,,,,,
Va±,17,19.9,20.8,17.5,21.6,20,25.6,14.4,21.9,18.2,7,28.6,0,18.1,0,0,0,23.2,18.4,0,16.1,15.6,22.2,18.6,0,29.6,0,0,0,0,0,,,,,,,,,,,,,,,,,,,,,,,,,,,,,,,,,,,,,,,,,,,,,,,,,,,,,,,,,,,,,,,,,,,,,,,,,,,,,,,,,,,,
Cr,142.8,146.2,90.5,0,151.8,191.6,125.4,147.5,191.2,51.8,23,116.7,0,130.3,0,0,0,220.2,112.5,0,59.1,55.7,201,108.2,0,0,0,0,24.8,24.3,0,10,90,12,80,<10,<10,72,<10,<10,<10,,,,,,,,,,,,,,,,,,,,,,,,,,,,,,,,,,,,,,,,,,,,,,,,,,,,,,,,,,,,,418,236,441,471,,,,,,,,,,
Cr±,9.1,10.1,9.9,0,10.6,10.3,11.7,7.6,11.1,8.6,4.1,12.4,0,9,0,0,0,12.3,9.1,0,7.7,7.3,11.1,8.6,0,0,0,0,4.9,4.4,0,,,,,,,,,,,,,,,,,,,,,,,,,,,,,,,,,,,,,,,,,,,,,,,,,,,,,,,,,,,,,,,,,,,,,,,,,,,,,,,,,,,,
Ni,51.7,44.5,24.7,3.3,64.6,122,62.4,73.9,73.5,31.8,3.2,60.4,5.2,73.6,11.2,6.7,7.2,93.5,63.8,4.8,25.9,20.4,81.3,11.7,0,3.6,6.7,15.6,15.8,14.3,10.9,10,30,<5,62,<5,<5,8,<5,9,<5,,,,,,,,,,,,,,,,,,,,,,,,,,,,,,,,,,,,,,,,,,,,,,,,,,,,,,,,,,,,,162,91,183,202,,,,,,,,,,
Ni±,4.4,4.7,4.1,3.4,4.8,5.7,5.9,4.9,5.2,4,2.14,5.1,2.6,4.9,3,3.2,2.8,6.2,5,3.4,3.8,3.6,5.3,3.6,2.5,4.3,3.2,3.3,3.2,3,3,,,,,,,,,,,,,,,,,,,,,,,,,,,,,,,,,,,,,,,,,,,,,,,,,,,,,,,,,,,,,,,,,,,,,,,,,,,,,,,,,,,,
Cu,31.4,27.9,20.3,15.8,43,30.9,42.6,40.4,57.1,31.2,3.5,42.2,0.9,53.3,4.1,11.9,-0.3,75.6,36.9,4.9,16,11.7,51.7,24.1,0,30.1,11.9,11.3,5.1,8.9,9.5,5,28,29,10,15,29,16,5,6,10,,,,,,,,,,,,,,,,,,,,,,,,,,,,,,,,,,,,,,,,,,,,,,,,,,,,,,,,,,,,,47,35,46,42,,,,,,,,,,
Cu±,3.1,3.2,3,2.8,3.5,3.1,3.8,3.3,3.7,3.2,2,3.6,2.1,3.5,2.2,2.2,2.1,4.1,3.3,2.4,2.8,2.7,3.6,2.9,0,3.5,2.2,2.4,2.3,2.2,2.1,,,,,,,,,,,,,,,,,,,,,,,,,,,,,,,,,,,,,,,,,,,,,,,,,,,,,,,,,,,,,,,,,,,,,,,,,,,,,,,,,,,,
Zn,49.4,58.5,71.1,95.6,53.1,65.8,70.8,61.6,69.8,89.1,23.7,76,13.8,71.7,37.9,30.9,23.3,69.3,57.5,67.5,68.5,97,55.4,40.3,42.6,124,30.9,34.4,28.8,28,29.2,56,79,114,100,106,91,72,37,224,58,,,,,,,,,,,,,,,,,,,,,,,,,,,,,,,,,,,,,,,,,,,,,,,,,,,,,,,,,,,,,61,56,57,64,,,,,,,,,,
Zn±,3,3.1,3.3,3.6,3.2,3.2,3.7,3.1,3.4,3.6,2.1,3.6,2.1,3.1,2.8,2.4,2.1,3.5,3.1,3,3,3.5,3.3,2.9,2.3,4.4,2.4,2.7,2.6,2.4,2.4,,,,,,,,,,,,,,,,,,,,,,,,,,,,,,,,,,,,,,,,,,,,,,,,,,,,,,,,,,,,,,,,,,,,,,,,,,,,,,,,,,,,
Ga,16.2,16.5,21.3,23.6,18.6,19.3,20.6,18.5,19.9,24.2,20.9,19.2,19.3,20.3,23.2,20.8,20.5,17.3,19.5,29.8,23.4,25.8,19.7,18,25.2,27,20.8,18.3,18.4,19.6,17.7,17,17,22,23,22,17,16,20,39,19,,,,,,,,,,,,,,,,,,,,,,,,,,,,,,,,,,,,,,,,,,,,,,,,,,,,,,,,,,,,,15,15,14,14,,,,,,,,,,
Ga±,1.6,1.7,1.7,1.8,1.7,1.7,1.9,1.6,1.7,1.7,1.4,1.8,1.4,1.6,1.6,1.5,1.5,1.7,1.7,1.7,1.7,1.7,1.7,1.6,1.5,2.1,1.5,1.5,1.5,1.4,1.4,,,,,,,,,,,,,,,,,,,,,,,,,,,,,,,,,,,,,,,,,,,,,,,,,,,,,,,,,,,,,,,,,,,,,,,,,,,,,,,,,,,,
As,2.7,1.3,1.2,3.6,1.5,1.9,1.2,1.3,1.1,4.1,3.3,1.5,3.2,1.6,4,5.1,3.2,0.7,2.2,7.7,2.9,4.1,1.5,1.1,4.3,2.4,5.1,5.3,5.1,2.3,3,,,,,,,,,,,,,,,,,,,,,,,,,,,,,,,,,,,,,,,,,,,,,,,,,,,,,,,,,,,,,,,,,,,,,,,,,,,,,,,,,,,,
As±,0.3,0.2,0.3,0.3,0.2,0.3,0.3,0.3,0.2,0.3,0.2,0.3,0.2,0.2,0.3,0.3,0.3,0.2,0.3,0.3,0.3,0.3,0.3,0.2,0.3,0.3,0.3,0.3,0.3,0.2,0.2,,,,,,,,,,,,,,,,,,,,,,,,,,,,,,,,,,,,,,,,,,,,,,,,,,,,,,,,,,,,,,,,,,,,,,,,,,,,,,,,,,,,
Pb,16.3,16.5,21.3,23.6,10,13.4,9.4,15.2,10.8,28.2,22.1,11.2,21.1,12.6,28.1,30.5,19.9,0,12.6,42.6,17.4,24.2,11.8,10,29.2,15.9,30.5,30.1,29.4,18.7,20.2,39,21,24,18,22,6,12,17,24,14,,,,,,,,,,,,,,,,,,,,,,,,,,,,,,,,,,,,,,,,,,,,,,,,,,,,,,,,,,,,,9.05,8.55,7.69,10.54,,,,,,,,,,
Pb±,1.3,1.2,1.3,1.5,1.3,1.3,1.3,1.3,1.2,1.5,1.2,1.3,1.2,1.2,1.3,1.4,1.2,0,1.3,1.5,1.3,1.4,1.3,1.2,1.3,1.5,1.4,1.4,1.4,1.2,1.2,,,,,,,,,,,,,,,,,,,,,,,,,,,,,,,,,,,,,,,,,,,,,,,,,,,,,,,,,,,,,,,,,,,,,,,,,,,,,,,,,,,,
Th,12.1,0,0,8.7,0,0,0,0,0,10.4,17.9,0,16.4,0,14.7,17.6,14.6,0,0,24.5,10.3,8.9,0,0,21.6,0,17.6,17.9,17.5,15.6,15.9,13,3.5,6.7,8.7,11,2.9,6.2,7.9,14.5,9.3,11.5,11.9,2.2,6.8,15.2,1.9,6.1,,16,1.3,5.3,7.8,,,7.2,,,,13.5,,21.4,,,,,,,,,,,,,,,,,,,,,,,,,,,,,,,,,,,,,,,,11.14,7.2,10.61,10.73,,,,,,,,,,
Th±,2.7,0,0,2.9,0,0,0,0,0,2.7,2.5,0,2.4,0,2.5,2.6,2.7,0,0,2.8,2.6,2.6,0,0,2.5,0,2.6,2.6,2.6,2.4,2.5,,,,,,,,,,,,,,,,,,,,,,,,,,,,,,,,,,,,,,,,,,,,,,,,,,,,,,,,,,,,,,,,,,,,,,,,,,,,,,,,,,,,
Rb,57.4,10.3,25.3,59.6,14.1,22.9,14.2,26.2,5.6,60,119.8,17.8,103.2,25.2,130,107.4,183.1,0,29.8,193.4,58.4,60,14.5,10.9,131.1,35.7,107.4,105.8,108.8,37,36.3,155,31.1,58,129,118,18.6,72,80.7,127,102,,,,,,,,,,,,,,,,,,,,,,,,,,,,,,,,,,,,,,,,,,,,,,,,,,,,,,,,,,,,,35.1,28.3,24.7,39.2,,,,,,,,,,
Rb±,1.8,1.3,1.5,1.8,1.4,1.5,1.5,1.5,1.3,1.8,1.9,1.5,1.8,1.4,2,1.9,2.3,0,1.5,2.3,1.7,1.7,1.4,1.3,2,1.7,1.9,1.9,1.9,1.4,1.4,,,,,,,,,,,,,,,,,,,,,,,,,,,,,,,,,,,,,,,,,,,,,,,,,,,,,,,,,,,,,,,,,,,,,,,,,,,,,,,,,,,,
Sr,266.3,262.3,334.7,224.3,318.9,391.2,486.9,407.8,251.6,346.1,41.4,351.5,40.9,493.3,47.7,209.3,1042.8,211.2,387.7,42.2,363.7,332.9,420.2,332,50.9,397.3,209.3,200.7,199.8,337.8,355.8,47,305,222.4,57.3,59.4,257,273.2,164,4,177,,,,,,,,,,,,,,,,,,,,,,,,,,,,,,,,,,,,,,,,,,,,,,,,,,,,,,,,,,,,,741,594,771,668,,,,,,,,,,
Sr±,2.9,3,3.4,2.8,3.3,3.5,4.2,3.6,3,3.2,1.5,3.5,1.5,3.8,1.5,2.4,5.1,2.8,3.5,1.6,3.2,3.1,3.7,3.2,1.5,3.8,2.4,2.4,2.4,2.9,2.9,,,,,,,,,,,,,,,,,,,,,,,,,,,,,,,,,,,,,,,,,,,,,,,,,,,,,,,,,,,,,,,,,,,,,,,,,,,,,,,,,,,,
Y,30.4,28.1,32.1,55.5,32.1,32.2,32.9,30.5,35.5,74.4,45.3,35.5,35.9,33.4,36.1,22.3,52.4,28.8,31.9,124.9,45.8,89.3,30.3,39.3,49.2,55.9,22.3,21.9,19.3,23,29,34.8,24.8,46.6,46.9,41.1,36.2,29,35.9,119,36,75,72,35,33,34,31,45,51,40,37,23,,27,27,,36,53,27,26,29,,,,,,,,,,,,,,,,,,,,,,,,,,,,,,,,,,,,,,,,,19.74,32.11,19.59,19.33,,,,,,,,,,
Y±,2.3,2.2,2.3,2.4,2.3,2.2,2.4,2.3,2.3,2.5,2.1,2.4,2,2.2,2.1,2,2.3,2.3,2.2,2.6,2.3,2.5,2.3,2.2,2.1,2.6,2,2,2,1.9,1.9,,,,,,,,,,,,,,,,,,,,,,,,,,,,,,,,,,,,,,,,,,,,,,,,,,,,,,,,,,,,,,,,,,,,,,,,,,,,,,,,,,,,
Zr,125.5,106.4,139.5,310,124.3,155.6,139.7,198.7,149.4,276.9,180.2,170.9,164.3,184.7,194.4,137.5,242,11.4,201.5,414.9,265.6,277.6,130.1,136.5,265.2,244,137.5,143.1,142.4,140,131.9,230,114,240,313,346,130,190.1,171,1230,284,347,377,113,148,250,105,148,253,187,113,105,,127,146,,121,107,101,271,265,,,,,,,,,,,,,,,,,,,,,,,,,,,,,,,,,,,,,,,,,114,123,113,111,,,,,,,,,,
Zr±,2.8,2.8,3,3.6,3,3.1,3.3,3.2,3,3.4,2.5,3.3,2.5,3.1,2.6,2.5,3.2,2.9,3.2,3.4,3.3,3.3,3,2.9,2.8,3.7,2.5,2.6,2.6,2.6,2.6,,,,,,,,,,,,,,,,,,,,,,,,,,,,,,,,,,,,,,,,,,,,,,,,,,,,,,,,,,,,,,,,,,,,,,,,,,,,,,,,,,,,
Nb,6.1,5,5,9.8,3.8,0,7.5,8.7,3.6,12,10.8,8.5,12.6,11.6,14.6,7.1,10.6,0,13.3,33.3,8.8,11.9,8.9,3.6,13.9,18.2,7.1,8.7,9.6,6.4,6.7,9,7,12,13,14,9,10,10,64,9,25,30,17,21,40,21,22,50,52,18,19,,30,25,,24,20,24,27,28,,,,,,,,,,,,,,,,,,,,,,,,,,,,,,,,,,,,,,,,,7.75,8.28,7.54,7.55,,,,,,,,,,
Nb±,2.8,2.9,2.9,2.9,2.9,0,3.1,2.9,2.9,2.8,2.4,3.1,2.4,2.8,2.5,2.5,2.5,0,2.8,2.7,2.7,2.7,2.9,2.8,2.5,3.2,2.5,2.5,2.5,2.4,2.5,,,,,,,,,,,,,,,,,,,,,,,,,,,,,,,,,,,,,,,,,,,,,,,,,,,,,,,,,,,,,,,,,,,,,,,,,,,,,,,,,,,,
Cs,1.1,0,0,0,0,1.1,0,0,0,3.6,2.4,0,0,0,2.5,2.3,26.5,0,0,3,0,0,0,0,0,0,2.3,2.8,2,3.2,1.8,12.2,2.7,4.9,5.4,2.7,1.5,5.2,1.5,0.8,8.1,,,,,,,,,,,,,,,,,,,,,,,,,,,,,,,,,,,,,,,,,,,,,,,,,,,,,,,,,,,,,4.87,6.66,4.47,3.27,,,,,,,,,,
Cs±,1,0,0,0,0,0.9,0,0,0,1.2,1.1,0,0,0,1.1,1.2,1.8,0,0,1.1,0,0,0,0,0,0,1.2,1.2,1.2,1.4,1.4,,,,,,,,,,,,,,,,,,,,,,,,,,,,,,,,,,,,,,,,,,,,,,,,,,,,,,,,,,,,,,,,,,,,,,,,,,,,,,,,,,,,
Ba,339.9,145.6,372,695.5,219.8,317.7,179.5,340.7,174.8,751.7,474.5,243.9,451.8,376.1,557.7,769,1078.8,207.5,316.6,281.6,615.3,593.7,190.5,156.6,539.3,445.4,796,747,791.7,1174.4,1209.1,574,266,556.3,866,913,250,451.8,574,141,900,,,,,,,,,,,,,,,,,,,,,,,,,,,,,,,,,,,,,,,,,,,,,,,,,,,,,,,,,,,,,1502,1255,1329,1070,,,,,,,,,,
Ba±,9.6,6.7,9.8,13.2,7.8,9.2,7.5,9.6,7.2,13.9,10.9,8.2,10.7,10.1,11.7,13.9,16.1,7.7,9.2,9.2,12.4,12.2,7.7,6.9,11.8,11,13.9,13.4,14,17,17.4,,,,,,,,,,,,,,,,,,,,,,,,,,,,,,,,,,,,,,,,,,,,,,,,,,,,,,,,,,,,,,,,,,,,,,,,,,,,,,,,,,,,
La,9.6,0,14.4,30.6,9.6,6.9,10.1,14.3,9.9,50.6,28.2,10.3,21.4,23.7,25.4,27.9,20.3,0,20.4,86,19.4,35.1,11.1,0,29.1,19.1,27.9,19.9,21.3,17.6,11.9,27.3,12.9,25.1,13.4,31.3,15.3,17,29.4,48.3,24.1,,,,,,,,,,,,,,,,,,,,,,,,,,,,,,,,,,,,,,,,,,,,,,,,,,,,,,,,,,,,,29.42,25.86,28.01,28.09,,,,,,,,,,
La±,4.7,0,4.4,4.4,4.1,4.4,4.5,4.7,4.1,6.2,4.8,4.7,4.6,4.7,4.9,4.9,5.1,0,4.6,6.7,5.3,5.2,4.6,0,4.9,5.3,4.9,5.2,5.1,5.1,5.3,,,,,,,,,,,,,,,,,,,,,,,,,,,,,,,,,,,,,,,,,,,,,,,,,,,,,,,,,,,,,,,,,,,,,,,,,,,,,,,,,,,,
Ce,33.7,22,34.3,55.8,24.8,33.3,31.9,37.6,22.1,73.8,49.5,44.2,42.9,41.3,44.3,38,43.9,10.8,41.3,133.2,45.2,58.9,30.6,20.6,38.9,48.1,38,33,38.6,42.7,45.3,54,26,51.8,37.1,86.3,33.2,33.3,62.3,137,49.5,,,,,,,,,,,,,,,,,,,,,,,,,,,,,,,,,,,,,,,,,,,,,,,,,,,,,,,,,,,,,51.88,39.34,49.44,49.65,,,,,,,,,,
Ce±,3.9,3.5,3.9,4.5,3.5,3.8,3.8,3.9,3.5,4.9,4.2,4.1,4,4,4.1,4.1,4.6,3.4,3.9,6,4.4,4.4,3.8,3.6,4,4.6,4.1,4.1,4.2,4.4,4.4,,,,,,,,,,,,,,,,,,,,,,,,,,,,,,,,,,,,,,,,,,,,,,,,,,,,,,,,,,,,,,,,,,,,,,,,,,,,,,,,,,,,
Pr,0,13.9,0,0,5.5,0,0,8.3,0,24.7,8.3,0,21.7,8.1,0,0,0,0,0,31.4,29,0,0,11.7,7.4,0,0,0,17.3,0,13.5,6.4,3.77,7.39,3.74,9.14,5.33,4.78,7.75,19,6.15,,,,,,,,,,,,,,,,,,,,,,,,,,,,,,,,,,,,,,,,,,,,,,,,,,,,,,,,,,,,,5.85,4.86,5.55,5.51,,,,,,,,,,
Pr±,0,4.9,0,0,5.3,0,0,5.7,0,6.8,5.9,0,5.7,5.7,0,0,0,0,0,6.4,6.6,0,0,5.3,6.3,0,0,0,6.7,0,7.5,,,,,,,,,,,,,,,,,,,,,,,,,,,,,,,,,,,,,,,,,,,,,,,,,,,,,,,,,,,,,,,,,,,,,,,,,,,,,,,,,,,,
Nd,7.3,13.6,11,29.7,15.4,16.6,26.6,11.8,20,73.4,17,17.1,9,23.8,30.2,26.6,24.1,12.2,17.4,84.4,35.5,36.6,10.9,0,35.8,35,26.6,27.6,12.5,15.7,15.1,23.6,16.5,30.9,15.1,35.7,24.8,19.7,30,80.1,25.2,,,,,,,,,,,,,,,,,,,,,,,,,,,,,,,,,,,,,,,,,,,,,,,,,,,,,,,,,,,,,23.25,19.59,22.2,21.97,,,,,,,,,,
Nd±,5.4,5,5.5,6.2,5.1,5.4,5.3,5.5,4.9,6.9,5.7,5.4,5.5,5.4,5.8,5.9,6.2,5,5.4,6.8,6.2,6.2,5.4,0,5.8,6.3,5.9,6.1,6.1,6.6,6.6,,,,,,,,,,,,,,,,,,,,,,,,,,,,,,,,,,,,,,,,,,,,,,,,,,,,,,,,,,,,,,,,,,,,,,,,,,,,,,,,,,,,
Sm,7.6,0,0,6.8,0,0,3.5,0,2.3,0,0,0,0,0,0,0,0,0,0,20.2,4.8,3.6,2.6,10.3,16.6,0,0,3.5,2.4,11.3,0,5.1,4.1,7.2,3.7,9,6.6,4.7,6.8,20.9,5.6,,,,,,,,,,,,,,,,,,,,,,,,,,,,,,,,,,,,,,,,,,,,,,,,,,,,,,,,,,,,,5.08,4.51,4.84,4.84,,,,,,,,,,
Sm±,5.3,0,0,5.4,0,0,5.3,0,5.1,0,0,0,0,0,0,0,0,0,0,5.9,5.6,5.6,5.6,5.6,5.6,0,0,5.6,5.5,5.6,0,,,,,,,,,,,,,,,,,,,,,,,,,,,,,,,,,,,,,,,,,,,,,,,,,,,,,,,,,,,,,,,,,,,,,,,,,,,,,,,,,,,,
Co,,,,,,,,,,,,,,,,,,,,,,,,,,,,,,,,1.7,29.5,12.1,4.7,<0.5,32.1,17.6,6,0.6,8.2,,,,,,,,,,,,,,,,,,,,,,,,,,,,,,,,,,,,,,,,,,,,,,,,,,,,,,,,,,,,,,,,,,,,,,,,,,
Dy,,,,,,,,,,,,,,,,,,,,,,,,,,,,,,,,6.21,4.62,8.75,8.18,9.71,7.36,5.27,7.06,27.6,6.12,,,,,,,,,,,,,,,,,,,,,,,,,,,,,,,,,,,,,,,,,,,,,,,,,,,,,,,,,,,,,3.8,4.25,3.61,3.73,,,,,,,,,,
Er,,,,,,,,,,,,,,,,,,,,,,,,,,,,,,,,4.46,2.96,5.41,6.3,6.15,4.2,3.41,4.45,20.5,3.74,,,,,,,,,,,,,,,,,,,,,,,,,,,,,,,,,,,,,,,,,,,,,,,,,,,,,,,,,,,,,1.95,2.42,1.87,1.95,,,,,,,,,,
Eu,,,,,,,,,,,,,,,,,,,,,,,,,,,,,,,,0.41,1.48,2.04,0.66,1.48,2.37,1.21,0.96,3.13,1.17,,,,,,,,,,,,,,,,,,,,,,,,,,,,,,,,,,,,,,,,,,,,,,,,,,,,,,,,,,,,,1.43,1.35,1.38,1.38,,,,,,,,,,
Gd,,,,,,,,,,,,,,,,,,,,,,,,,,,,,,,,6.02,4.47,8.08,5.46,8.83,7.22,5.46,7.24,20.9,6.31,,,,,,,,,,,,,,,,,,,,,,,,,,,,,,,,,,,,,,,,,,,,,,,,,,,,,,,,,,,,,4.24,4.51,4.09,4.23,,,,,,,,,,
Hf,,,,,,,,,,,,,,,,,,,,,,,,,,,,,,,,6,3,7,8,8,3,4,4,28,7,9.64,10.4,3.16,4.21,7.08,3,4.2,,5.31,3.14,2.97,3.09,,,5.76,,,,7.4,,4.63,,,,,,,,,,,,,,,,,,,,,,,,,,,,,,,,,,,,,,,,3.16,3.11,2.95,3,,,,,,,,,,
Ho,,,,,,,,,,,,,,,,,,,,,,,,,,,,,,,,1.35,0.96,1.92,1.98,1.95,1.47,1.15,1.44,5.79,1.32,,,,,,,,,,,,,,,,,,,,,,,,,,,,,,,,,,,,,,,,,,,,,,,,,,,,,,,,,,,,,0.76,0.9,0.72,0.74,,,,,,,,,,
Li,,,,,,,,,,,,,,,,,,,,,,,,,,,,,,,,70,<10,13,110,50,<10,14,20,70,20,,,,,,,,,,,,,,,,,,,,,,,,,,,,,,,,,,,,,,,,,,,,,,,,,,,,,,,,,,,,,,,,,,,,,,,,,,
Lu,,,,,,,,,,,,,,,,,,,,,,,,,,,,,,,,0.65,0.4,0.79,0.93,0.82,0.52,0.51,0.55,3.08,0.6,,,,,,,,,,,,,,,,,,,,,,,,,,,,,,,,,,,,,,,,,,,,,,,,,,,,,,,,,,,,,0.28,0.33,0.27,0.27,,,,,,,,,,
Sb,,,,,,,,,,,,,,,,,,,,,,,,,,,,,,,,1.1,0.6,,1.4,1.3,0.2,,3.1,1,1.1,,,,,,,,,,,,,,,,,,,,,,,,,,,,,,,,,,,,,,,,,,,,,,,,,,,,,,,,,,,,,,,,,,,,,,,,,,
Sc,,,,,,,,,,,,,,,,,,,,,,,,,,,,,,,,<5,26,16,5,<5,27,18,10,<5,11,,,,,,,,,,,,,,,,,,,,,,,,,,,,,,,,,,,,,,,,,,,,,,,,,,,,,,,,,,,,,30.6,22.9,30.4,29.6,,,,,,,,,,
Sn,,,,,,,,,,,,,,,,,,,,,,,,,,,,,,,,5,2,3,4,5,2,2,7,15,5,,,,,,,,,,,,,,,,,,,,,,,,,,,,,,,,,,,,,,,,,,,,,,,,,,,,,,,,,,,,,,,,,,,,,,,,,,
Ta,,,,,,,,,,,,,,,,,,,,,,,,,,,,,,,,0.6,0.5,1,0.8,0.8,0.7,0.6,<0.5,3.8,0.7,1.33,1.5,0.91,1.07,2.03,1.09,1.14,,2.66,0.9,0.94,0.6,,,0.76,,,,1.4,,2.24,,,,,,,,,,,,,,,,,,,,,,,,,,,,,,,,,,,,,,,,0.48,0.61,0.47,0.47,,,,,,,,,,
Tb,,,,,,,,,,,,,,,,,,,,,,,,,,,,,,,,0.93,0.85,1.51,1.05,1.47,1.24,0.93,1.08,4.21,1.1,,,,,,,,,,,,,,,,,,,,,,,,,,,,,,,,,,,,,,,,,,,,,,,,,,,,,,,,,,,,,0.64,0.71,0.62,0.63,,,,,,,,,,
Tl,,,,,,,,,,,,,,,,,,,,,,,,,,,,,,,,0.8,<0.5,0.6,0.8,2.8,<0.5,<0.5,0.6,<0.5,0.8,,,,,,,,,,,,,,,,,,,,,,,,,,,,,,,,,,,,,,,,,,,,,,,,,,,,,,,,,,,,,,,,,,,,,,,,,,
Tm,,,,,,,,,,,,,,,,,,,,,,,,,,,,,,,,0.64,0.39,0.79,0.93,0.88,0.55,0.45,0.6,2.94,0.55,,,,,,,,,,,,,,,,,,,,,,,,,,,,,,,,,,,,,,,,,,,,,,,,,,,,,,,,,,,,,0.29,0.33,0.27,0.27,,,,,,,,,,
U,,,,,,,,,,,,,,,,,,,,,,,,,,,,,,,,6.18,1.41,3.12,3.75,4.26,1.04,2.62,3.31,5.68,3.87,3.65,4.17,0.68,2.11,4.86,0.65,2.26,,6.92,0.3,1.91,3.15,,,2.68,,,,2.9,,4.1,,,,,,,,,,,,,,,,,,,,,,,,,,,,,,,,,,,,,,,,3.71,2.67,3.52,3.57,,,,,,,,,,
V,,,,,,,,,,,,,,,,,,,,,,,,,,,,,,,,11,288,45,18,<5,260,99,20,<5,74,,,,,,,,,,,,,,,,,,,,,,,,,,,,,,,,,,,,,,,,,,,,,,,,,,,,,,,,,,,,,189,138,181,182,,,,,,,,,,
W,,,,,,,,,,,,,,,,,,,,,,,,,,,,,,,,2,<1,<1,<1,<1,<1,1,1,<1,1,,,,,,,,,,,,,,,,,,,,,,,,,,,,,,,,,,,,,,,,,,,,,,,,,,,,,,,,,,,,,,,,,,,,,,,,,,
Yb,,,,,,,,,,,,,,,,,,,,,,,,,,,,,,,,4,2.4,4.9,6,5.8,3.4,2.9,3.8,21.4,3.7,,,,,,,,,,,,,,,,,,,,,,,,,,,,,,,,,,,,,,,,,,,,,,,,,,,,,,,,,,,,,1.78,2.03,1.7,1.76,,,,,,,,,,
Total Wt %,101.51,99.44,98.9,98.82,95.44,91.42,94.69,97.75,92.92,99.04,105.99,99.94,94.43,99.68,95.02,96.13,101.17,97.06,99.12,95.37,104.37,101.24,100.89,97.98,105.9,101.05,,,,,,,,,,,,,,,,,,,,,,,,,,,,,,,,,,,,,,,,,,,,,,,,,,,,,,,,,,,,,,,,,,,,,,,,,,,,,,,,,,,,,,,,,
Na2O,3.76,3.45,3.44,5.35,3.63,3.49,4.02,4.14,3.73,4.65,4.5,3.87,3.99,4.56,4.31,4.05,3.57,2.69,5.1,4.6,5.76,5.15,4.23,4.41,5.97,5.58,,,,,,4.43,3.85,3.9,2.82,4.94,4.1,3.07,5.26,4.79,4.64,,,,,,,,,,,,,,,,,,,,,,3.53,2.22,2.98,0,2.83,2.16,3.26,2.5,3.29,3.18,3.35,3.75,3.73,3.86,3.62,3.38,,,,,,,,,,,,,,,,,,,,,,,,2.84,3.41,2.64,2.49,,,,,,,,,,
Na2O±,0.58,0.65,0.82,0.43,0.6,0.61,0.55,0.54,0.57,0.47,0.47,0.58,0.63,0.5,0.6,0.55,0.62,0.98,0.54,0.61,0.5,0.52,0.61,0.57,0.47,0.51,,,,,,,,,,,,,,,,,,,,,,,,,,,,,,,,,,,,,,,,,,,,,,,,,,,,,,,,,,,,,,,,,,,,,,,,,,,,,,,,,,,,,,,,,
MgO,5,5.61,4.7,1.45,5.85,4.93,5.7,4.62,4.31,1.87,0.22,5.15,0.21,3.37,0.21,0.66,0.38,7.49,4.35,0.12,1.72,2.19,6.89,3.77,0.019,2.74,,,,,,0.41,3.44,0.73,1.02,0.09,3.64,3.4,0.99,0.08,0.98,,,,,,,,,,,,,,,,,,,,,,4.45,8.77,8.62,12.7,9.2,9.2,5.7,7.23,4.12,6.08,3.73,3.06,1.41,1.65,3.31,3.7,,,,,,,,,,,,,,,,,,,,,,,,7.55,4.57,8.3,10.12,,,,,,,,,,
MgO±,1.44,1.62,1.35,0.55,1.68,1.42,1.64,1.33,1.24,0.55,0.22,1.48,0.21,0.97,0.21,0.55,0.38,2.16,1.25,0.12,0.55,0.63,1.98,1.08,0.19,0.79,,,,,,,,,,,,,,,,,,,,,,,,,,,,,,,,,,,,,,,,,,,,,,,,,,,,,,,,,,,,,,,,,,,,,,,,,,,,,,,,,,,,,,,,,
Al2O,15.64,17.28,16.75,15.27,15.84,15.8,16.7,16.88,16.24,16.9,17.25,15.92,11.25,18.76,13.2,13.72,14.37,16.62,17.3,13.07,16.86,16.55,17.04,16.93,14.77,16.03,,,,,,,,,,,,,,,,,,,,,,,,,,,,,,,,,,,,,,,,,,,,,,,,,,,,,,,,,,,,,,,,,,,,,,,,,,,,,,,,,,,,,,,,,
Al2O±,1.08,1.19,1.16,1.05,1.09,1.09,1.15,1.16,1.12,1.13,1.19,1.1,0.78,1.29,0.91,0.95,0.99,1.15,1.19,0.9,1.16,1.14,1.18,1.17,1.02,1.11,,,,,,,,,,,,,,,,,,,,,,,,,,,,,,,,,,,,,,,,,,,,,,,,,,,,,,,,,,,,,,,,,,,,,,,,,,,,,,,,,,,,,,,,,
Al2O3,,,,,,,,,,,,,,,,,,,,,,,,,,,,,,,,13.37,16.3,17.56,15.58,14.15,15.49,16.8,15.44,10.56,16.31,,,,,,,,,,,,,,,,,,,,,,16.3,13.4,15.8,12.1,14.1,13.8,17.1,14.2,15.1,15.1,16.1,16.8,17.5,17,14.5,16.2,,,,,,,,,,,,,,,,,,,,,,,,15.73,17.02,15.51,15.01,,,,,,,,,,
SiO2,60.68,53.34,54.64,62.09,50.3,49.95,47.78,55.53,49.81,63.38,78.55,52.54,76.62,56.4,74.01,70.42,76.02,49.12,55.98,73.1,66.61,64.55,52.01,55.11,79.52,56.66,,,,,,74.32,54.99,62.87,71.54,74.21,51.43,59.99,67.92,73.53,66.35,,,,,,,,,,,,,,,,,,,,,,45,47.1,48.8,49.7,52.9,52.7,54.3,54.7,59.3,59.4,59.7,60,60,60.1,60.3,60.6,,,,,,,,,,,,,,,,,,,,,,,,54.5,58.01,54.39,53.7,,,,,,,,,,
SiO2±,0.95,0.83,0.85,0.97,0.78,0.77,0.75,0.87,0.78,0.99,1.23,0.82,1.2,0.88,1.15,1.1,1.19,0.77,0.87,1.14,1.04,1.01,0.81,0.86,1.24,0.88,,,,,,,,,,,,,,,,,,,,,,,,,,,,,,,,,,,,,,,,,,,,,,,,,,,,,,,,,,,,,,,,,,,,,,,,,,,,,,,,,,,,,,,,,
P2O5,-0.01,-0.02,0.23,0,-0.02,0,0,-0.01,-0.01,-0.01,-0.03,0.01,0.05,-0.01,0.07,0.02,0.01,0.12,0.22,0.07,0.26,0.27,0.3,0.21,0.04,0.64,,,,,,0.03,0.24,0.25,0.07,0.01,0.65,0.18,0.15,0.02,0.16,,,,,,,,,,,,,,,,,,,,,,0.42,0.29,0.4,0,0.29,0.26,0.26,0.27,0.32,0.25,0.2,0.2,0.19,0.21,0.14,0.19,,,,,,,,,,,,,,,,,,,,,,,,0.349,0.276,0.343,0.331,,,,,,,,,,
P2O5±,0,0,0.04,0,0,0,0,0,0,0,0,0,0.03,0,0.03,0.01,0.01,0.03,0.03,0.02,0.03,0.03,0.03,0.03,0.02,0.03,,,,,,,,,,,,,,,,,,,,,,,,,,,,,,,,,,,,,,,,,,,,,,,,,,,,,,,,,,,,,,,,,,,,,,,,,,,,,,,,,,,,,,,,,
K2O,1.82,0.54,0.87,2.1,0.72,0.95,0.48,1.12,0.05,1.83,3.44,0.83,1.66,1.02,2.05,2.69,3.45,0.11,1.02,2.64,1.87,1.78,0.56,0.51,3.63,1.19,,,,,,4.05,1.15,2.16,3.79,3.44,0.79,2.25,2.68,4.05,2.71,,,,,,,,,,,,,,,,,,,,,,1.36,1.27,0.85,1.25,1.53,1.43,1.36,1.58,2.01,2.34,2.06,1.81,2.85,1.83,2.31,1.93,,,,,,,,,,,,,,,,,,,,,,,,1.55,1.53,1.43,1.45,,,,,,,,,,
K2O±,0.05,0.04,0.04,0.05,0.04,0.04,0.04,0.04,0.04,0.05,0.06,0.04,0.05,0.04,0.05,0.06,0.06,0.02,0.04,0.06,0.05,0.05,0.03,0.03,0.06,0.04,,,,,,,,,,,,,,,,,,,,,,,,,,,,,,,,,,,,,,,,,,,,,,,,,,,,,,,,,,,,,,,,,,,,,,,,,,,,,,,,,,,,,,,,,
CaO,7.4,10.36,8.93,3.88,9.87,8.91,10.01,8.21,9.82,4.12,0.81,9.96,0.51,9.55,0.54,1.87,2.03,10.66,8.06,0.25,4.86,4.55,10.53,9.84,1.03,6.76,,,,,,1.05,7.51,3.14,0.35,0.78,7.88,6.57,2.04,0.28,3.33,,,,,,,,,,,,,,,,,,,,,,10.7,7.22,11.1,8.89,9.51,8.65,7.95,8.82,6.22,5.39,5.14,6.54,4.73,5.34,4.26,5.35,,,,,,,,,,,,,,,,,,,,,,,,9.35,8.09,9.18,8.56,,,,,,,,,,
CaO±,0.24,0.34,0.29,0.14,0.33,0.29,0.33,0.27,0.32,0.14,0.14,0.33,0.14,0.32,0.14,0.14,0.14,0.35,0.27,0.14,0.16,0.15,0.35,0.32,0.14,0.22,,,,,,,,,,,,,,,,,,,,,,,,,,,,,,,,,,,,,,,,,,,,,,,,,,,,,,,,,,,,,,,,,,,,,,,,,,,,,,,,,,,,,,,,,
TiO2,1.05,1.27,1.37,0.98,1.44,1.36,1.58,1.02,1.43,1.08,0.14,2.17,0.09,1.23,0.011,0.4,0.25,1.47,1.13,0.14,1.03,1.05,1.66,1.38,0.18,2.51,,,,,,0.21,1.98,1.09,0.35,0.22,2.94,1.11,0.68,0.34,0.74,,,,,,,,,,,,,,,,,,,,,,1.13,0.7,1.45,1.36,0.91,0.9,1.16,0.81,0.85,0.81,0.7,0.88,0.98,0.81,0.41,0.66,,,,,,,,,,,,,,,,,,,,,,,,0.83,0.889,0.819,0.793,,,,,,,,,,
TiO2±,0.1,0.12,0.12,0.09,0.13,0.12,0.14,0.09,0.13,0.1,0.05,0.2,0.05,0.11,0.05,0.05,0.05,0.13,0.1,0.05,0.09,0.1,0.15,0.13,0.05,0.23,,,,,,,,,,,,,,,,,,,,,,,,,,,,,,,,,,,,,,,,,,,,,,,,,,,,,,,,,,,,,,,,,,,,,,,,,,,,,,,,,,,,,,,,,
MnO,0.1,0.1,0.13,0.14,0.11,0.1,0.15,0.09,0.1,0.06,0.01,0.14,0,0.14,0.01,0.02,0.01,0.14,0.1,0.002,0.06,0.08,0.13,0.08,0.01,0.16,,,,,,0.03,0.29,0.19,0.05,0.2,0.23,0.1,0.06,0.09,0.44,,,,,,,,,,,,,,,,,,,,,,0.13,0.14,0.16,0.17,0.13,0.13,0.11,0.16,0.07,0.07,0.08,0.07,0.02,0.03,0.06,0.07,,,,,,,,,,,,,,,,,,,,,,,,0.144,0.085,0.128,0.15,,,,,,,,,,
MnO±,0.01,0.01,0.02,0.02,0.01,0.01,0.02,0.01,0.01,0.01,0.01,0.02,0.01,0.02,0.01,0.01,0.01,0.02,0.01,0,0.01,0.01,0.02,0.01,0.01,0.02,,,,,,,,,,,,,,,,,,,,,,,,,,,,,,,,,,,,,,,,,,,,,,,,,,,,,,,,,,,,,,,,,,,,,,,,,,,,,,,,,,,,,,,,,
FeO,6.09,7.49,7.84,7.56,7.69,6.44,8.26,6.15,7,5.66,1.11,9.35,0.06,4.67,0.51,2.28,1.08,8.65,5.86,1.36,5.35,4.86,7.54,5.74,0.57,8.78,,,,,,,,,,,,,,,,,,,,,,,,,,,,,,,,,,,,,,,,,,,,,,,,,,,,,,,,,,,,,,,,,,,,,,,,,,,,,,,,,,,,,,,,,
FeO±,0.33,0.4,0.42,0.14,0.42,0.35,0.45,0.33,0.38,0.31,0.18,0.5,0.06,0.25,0.18,0.18,0.18,0.47,0.32,0.18,0.29,0.26,0.41,0.31,0.18,0.47,,,,,,,,,,,,,,,,,,,,,,,,,,,,,,,,,,,,,,,,,,,,,,,,,,,,,,,,,,,,,,,,,,,,,,,,,,,,,,,,,,,,,,,,,
Fe2O3(T),,,,,,,,,,,,,,,,,,,,,,,,,,,,,,,,2.1,10.23,8.11,4.42,1.95,12.86,6.51,4.8,6.26,4.34,,,,,,,,,,,,,,,,,,,,,,7.72,7.6,9.43,10.1,7.86,8.91,7.04,9.48,5.52,5.78,5.22,4.75,4.11,5.17,3.7,5.62,,,,,,,,,,,,,,,,,,,,,,,,7.16,6.11,7.27,7.4,,,,,,,,,,
LOI,,,,,,,,,,,,,,,,,,,,,,,,,,,,,,,,0.3,1.45,4.2,4.09,0.75,0.75,1.65,1.35,1.28,0.8,,,,,,,,,,,,,,,,,,,,,,,,,,,,,,,,,,,,,,,,,,,,,,,,,,,,,,,,,,,,,,,,,,,,,,,,,,